undefined,2023-08-15T14:28:02.848Z,undefined
undefined,2023-08-15T14:28:50.530Z,undefined
undefined,2023-08-15T14:30:16.693Z,undefined
undefined,2023-08-15T14:31:37.105Z,undefined
undefined,2023-08-15T14:38:02.446Z,undefined
undefined,2023-08-15T14:43:09.566Z,undefined
undefined,2023-08-15T14:44:18.589Z,undefined
undefined,2023-08-15T14:56:39.592Z,undefined
undefined,2023-08-15T15:08:52.591Z,undefined
undefined,2023-08-15T15:14:11.456Z,undefined
undefined,2023-08-15T15:21:17.929Z,undefined
undefined,2023-08-15T15:23:26.631Z,undefined
undefined,2023-08-15T15:32:20.003Z,undefined
undefined,2023-08-15T15:33:07.593Z,undefined
undefined,2023-08-15T15:36:53.890Z,undefined
undefined,2023-08-15T15:53:45.401Z,undefined
undefined,2023-08-15T16:14:43.287Z,undefined
undefined,2023-08-15T16:16:18.932Z,undefined
undefined,2023-08-15T18:04:15.585Z,undefined
undefined,2023-08-15T18:06:27.711Z,undefined
123,2023-08-15T18:09:13.361Z,abcd
123,2023-08-15T18:11:45.252Z,abcd
123,2023-08-15T18:14:47.715Z,abcd
123,2023-08-15T18:16:50.625Z,abcd
123,08/15/2023, 23:48:26,abc
123,2023-08-15 23:50:32,abcd
